Episode,Ep start ts,Feedback ts,Human Reward,Environment Reward
Episode,Ep start ts,Feedback ts,Human Reward,Environment Reward
Episode,Ep start ts,Feedback ts,Human Reward,Environment Reward
Episode,Ep start ts,Feedback ts,Human Reward,Environment Reward
Episode,Ep start ts,Feedback ts,Human Reward,Environment Reward
Episode,Ep start ts,Feedback ts,Human Reward,Environment Reward
Episode,Ep start ts,Feedback ts,Human Reward,Environment Reward
Episode,Ep start ts,Feedback ts,Human Reward,Environment Reward
Episode,Ep start ts,Feedback ts,Human Reward,Environment Reward
Episode,Ep start ts,Feedback ts,Human Reward,Environment Reward
Episode,Ep start ts,Feedback ts,Human Reward,Environment Reward
Episode,Ep start ts,Feedback ts,Human Reward,Environment Reward
Episode,Ep start ts,Feedback ts,Human Reward,Environment Reward
Episode,Ep start ts,Feedback ts,Human Reward,Environment Reward
Episode,Ep start ts,Feedback ts,Human Reward,Environment Reward
